track_name,artist(s)_name,artist_count,released_year,released_month,released_day,in_spotify_playlists,in_spotify_charts,streams,in_apple_playlists,in_apple_charts,in_deezer_playlists,in_deezer_charts,in_shazam_charts,bpm,mode,danceability_%,valence_%,energy_%,acousticness_%,instrumentalness_%,liveness_%,speechiness_%,key_A,key_A#,key_B,key_C#,key_D,key_D#,key_E,key_F,key_F#,key_G,key_G#
180,108,3,2023,6,22,5.808142489980444,26,18.275017115335665,11,163,10.0,4,0.0,140,0,65,87,74,22,0,42,4,False,False,False,False,False,False,False,True,False,False,False
103,142,2,2023,2,10,6.541029999189903,25,19.6862059532179,10,107,6.0,3,62.0,144,0,56,84,65,23,0,10,6,True,False,False,False,False,False,False,False,False,False,False
192,49,3,2022,6,24,8.041734711487537,39,20.395364700675124,38,0,4.0,0,0.0,101,1,88,72,59,62,0,9,3,False,False,False,False,True,False,False,False,False,False,False
264,228,1,2023,7,14,6.018593214496234,36,16.508814295802388,36,32,31.0,1,26.0,140,1,56,48,73,0,0,35,4,False,False,False,True,False,False,False,False,False,False,False
110,279,1,2023,7,7,5.003946305945459,24,17.4937884889954,32,93,8.0,2,5.0,82,1,51,22,53,1,0,15,3,False,False,False,False,False,False,False,False,False,False,True
252,189,2,2023,6,23,5.5909869805108565,9,17.497090762252274,9,6,25.0,2,72.0,130,1,63,36,34,76,0,35,9,False,False,False,False,False,False,False,True,False,False,False
34,279,1,2023,7,7,4.941642422609304,17,17.484925042769156,16,72,5.0,0,8.0,142,1,50,20,64,1,0,12,3,False,False,False,False,True,False,False,False,False,False,False
94,279,1,2017,11,8,8.492080490601163,23,20.344976889989162,19,45,0.0,0,10.0,136,0,62,19,53,11,0,6,4,True,False,False,False,False,False,False,False,False,False,False
241,205,1,2023,7,7,4.356708826689592,35,17.202007786539756,8,166,4.0,4,34.0,134,0,81,53,72,51,0,12,5,False,False,False,False,False,False,True,False,False,False,False
80,241,1,2017,4,28,8.138564737261632,21,20.833908448341862,41,100,59.0,1,32.0,117,1,61,45,69,2,0,9,3,False,False,False,True,False,False,False,False,False,False,False
351,8,1,2022,12,2,5.365976015021851,6,19.00657280967882,7,6,0.0,0,48.0,130,1,51,18,44,76,0,11,3,False,False,False,False,False,False,False,True,False,False,False
225,279,1,2023,7,7,4.605170185988092,15,17.424050618731165,21,52,6.0,1,0.0,121,1,65,49,78,0,0,17,4,False,False,False,False,False,False,False,False,False,True,False
415,279,1,2020,7,24,8.899048433885268,22,20.224243244215966,25,81,61.0,1,44.0,90,1,51,42,61,53,0,9,3,False,False,False,False,False,False,False,True,False,False,False
182,142,2,2023,6,22,5.308267697401205,11,17.83804302842986,19,117,8.0,1,74.0,128,0,75,79,63,33,0,15,4,True,False,False,False,False,False,False,False,False,False,False
283,222,1,2021,6,11,6.126869184114185,24,19.615652434526005,8,116,4.0,3,2.0,92,1,81,39,60,31,0,7,3,False,False,False,True,False,False,False,False,False,False,False
123,96,1,2022,8,19,8.14060704285845,38,20.215541768381588,45,69,52.0,4,3.0,95,1,87,57,55,10,0,29,7,False,False,False,False,False,False,False,True,False,False,False
254,205,1,2023,1,2,7.486613313139955,27,19.88156633115427,26,124,15.0,1,22.0,127,0,80,74,77,36,0,11,4,True,False,False,False,False,False,False,False,False,False,False
355,246,5,2023,5,22,5.209486152841421,8,17.808664288191373,3,88,1.0,0,52.0,110,0,76,96,72,32,0,9,4,False,False,False,False,False,False,False,False,False,True,False
274,81,1,2017,1,1,9.71697723512072,13,21.663089123437945,7,0,,0,0.0,95,1,60,17,45,16,0,11,2,False,False,False,False,False,False,False,False,False,False,True
253,304,4,2023,5,19,5.648974238161206,7,18.211221311547764,6,9,26.0,1,66.0,124,0,84,65,50,67,0,13,6,False,False,False,False,False,True,False,False,False,False,False
104,51,1,2023,1,27,6.29156913955832,21,19.360423889444068,7,71,4.0,2,13.0,140,0,74,96,80,18,0,5,5,False,False,False,False,False,False,False,False,False,True,False
53,222,1,2023,5,26,5.783825182329737,14,18.36995186919745,13,110,8.0,2,60.0,122,1,78,70,81,57,0,10,5,False,False,False,True,False,False,False,False,False,False,False
248,7,2,2023,2,2,6.796823718274855,9,19.269983591580075,14,88,66.0,3,72.0,160,1,69,61,71,33,0,31,20,True,False,False,False,False,False,False,False,False,False,False
380,33,3,2023,4,4,6.331501849893691,14,18.7720083483205,4,14,12.0,5,56.0,192,1,50,85,52,11,0,28,6,False,False,True,False,False,False,False,False,False,False,False
170,74,2,2022,6,17,8.677950570294351,27,20.24343089109303,81,121,58.0,1,34.0,163,1,54,40,67,0,0,9,17,False,False,False,True,False,False,False,False,False,False,False
134,143,1,2021,3,19,8.67709870892586,24,20.877985558838517,107,38,95.0,0,2.0,154,1,61,41,74,21,0,40,6,False,False,False,False,True,False,False,False,False,False,False
384,52,1,2019,10,4,8.258422462458876,26,20.650657304685996,133,181,3.0,0,2.0,117,0,73,31,69,6,0,11,4,True,False,False,False,False,False,False,False,False,False,False
109,279,1,2010,1,1,8.426173793029069,16,20.247905469965097,24,101,113.0,0,40.0,164,1,45,24,62,8,0,16,3,False,False,False,False,False,False,False,False,False,False,True
25,1,3,2023,6,2,6.590301048196686,16,18.360787066805777,17,60,28.0,1,44.0,90,0,60,13,53,4,0,21,4,True,False,False,False,False,False,False,False,False,False,False
90,15,1,2013,1,1,10.42774259661378,26,21.30454607309539,133,92,,1,26.0,85,1,55,42,53,17,0,22,3,False,False,False,False,False,False,False,True,False,False,False
85,122,1,2012,1,1,10.192231560934287,13,21.33322955089234,65,82,,4,13.0,180,1,33,38,71,20,0,28,5,False,False,False,False,False,True,False,False,False,False,False
399,15,1,2013,1,1,10.060063859578225,29,20.96018080628457,54,70,,2,1.0,92,1,70,81,63,4,0,8,4,False,False,False,False,True,False,False,False,False,False,False
242,212,1,2014,11,17,8.871365005136852,18,20.846448438451766,60,20,2.0,0,2.0,120,1,67,40,52,86,0,12,4,False,False,False,False,False,False,False,False,False,False,True
127,213,2,2023,1,13,6.385194398997726,14,19.543563263337255,11,84,6.0,1,30.0,98,1,70,37,54,6,0,9,8,False,False,False,True,False,False,False,False,False,False,False
72,235,1,1992,9,21,10.511213001042078,7,20.96330052166097,146,72,,5,80.0,92,1,53,12,34,1,0,12,4,False,False,False,False,False,False,False,False,False,True,False
62,261,1,2023,5,19,4.219507705176107,8,17.685802384856274,7,10,0.0,0,57.0,90,0,74,36,63,26,0,27,5,False,False,False,False,False,False,True,False,False,False,False
173,39,1,2010,1,1,9.957360018000617,13,21.21883162074326,82,0,,0,0.0,109,1,63,46,85,1,0,9,5,False,False,False,False,False,False,False,True,False,False,False
352,119,1,2013,9,13,10.077650921628619,31,21.481806694924796,187,99,,1,0.0,129,0,57,41,66,63,0,12,5,False,False,False,False,False,False,True,False,False,False,False
409,279,1,2021,4,9,7.8709295967551425,12,19.674533164493567,47,90,1.0,0,7.0,130,1,63,49,73,5,0,9,3,False,False,False,False,False,False,False,False,True,False,False
42,279,1,2023,7,7,4.465908118654584,11,17.2280832283421,3,33,3.0,0,1.0,146,0,50,67,89,0,0,19,8,False,False,True,False,False,False,False,False,False,False,False
319,118,1,2020,2,10,7.489412083508719,14,19.819735377902447,1,50,19.0,0,19.0,139,0,48,37,41,32,0,10,10,True,False,False,False,False,False,False,False,False,False,False
113,224,1,2010,7,20,6.20050917404269,36,20.108290606668692,4,3,19.0,0,0.0,95,0,84,52,77,12,0,7,4,False,False,False,False,False,False,False,False,True,False,False
89,205,1,2022,12,19,7.051855622955894,22,19.800911911004377,28,125,11.0,1,51.0,134,0,81,18,64,3,0,10,11,False,False,False,False,False,False,False,False,True,False,False
27,272,4,2023,6,2,6.313548046277095,4,18.278813366202847,13,46,20.0,1,10.0,146,0,61,20,48,21,0,12,6,False,False,True,False,False,False,False,False,False,False,False
12,200,3,2022,11,24,6.903747257584598,19,19.954457082017562,12,117,9.0,5,3.0,136,0,77,79,73,15,0,27,10,False,False,True,False,False,False,False,False,False,False,False
277,18,3,2023,5,15,5.187385805840755,6,17.982687914169702,6,71,1.0,0,31.0,100,1,56,53,55,53,0,12,4,False,False,False,False,False,False,True,False,False,False,False
145,279,1,2023,5,26,6.306275286948016,0,18.044050350755057,15,15,6.0,0,0.0,106,1,67,24,78,15,0,30,4,False,False,False,False,False,False,False,True,False,False,False
61,31,2,2023,3,30,6.525029657843462,10,18.899774129655402,15,92,21.0,2,26.0,132,1,85,53,68,40,0,9,4,False,False,False,False,True,False,False,False,False,False,False
314,193,2,2023,6,2,5.808142489980444,5,18.065532862032132,18,41,5.0,0,19.0,120,1,78,5,30,21,0,13,5,True,False,False,False,False,False,False,False,False,False,False
256,2,2,2022,9,29,5.087596335232384,6,18.078290993329713,10,79,2.0,0,42.0,135,0,80,85,74,62,0,8,9,False,False,False,False,False,False,False,True,False,False,False
280,257,2,2023,6,2,5.225746673713202,3,17.588790671608788,5,6,4.0,1,33.0,98,0,73,45,62,28,0,13,13,False,True,False,False,False,False,False,False,False,False,False
120,126,1,2023,3,31,6.733401891837359,18,19.266106523088464,20,110,20.0,0,69.0,124,0,84,64,39,3,0,11,4,True,False,False,False,False,False,False,False,False,False,False
22,107,3,2023,6,2,5.560681631015528,0,17.429846568197362,5,17,5.0,0,0.0,135,0,77,28,55,18,0,22,15,True,False,False,False,False,False,False,False,False,False,False
344,106,3,2022,12,2,7.992944547318106,16,19.80956254226769,41,69,38.0,0,36.0,117,0,72,45,59,14,0,20,21,False,False,False,False,False,False,False,True,False,False,False
189,24,2,2023,4,4,5.676753802268282,8,18.65990718152355,8,78,4.0,1,1.0,133,0,78,90,84,31,0,7,4,True,False,False,False,False,False,False,False,False,False,False
54,96,1,2022,12,2,7.7501841622578365,36,19.65914688671365,29,65,34.0,5,3.0,96,0,74,61,83,11,0,35,6,False,False,False,False,False,False,False,False,False,False,True
58,103,2,2022,12,1,6.285998094508865,10,19.478823934158413,10,72,8.0,3,14.0,149,1,66,85,60,40,0,14,13,False,False,False,False,False,False,False,False,False,False,True
329,165,2,2023,5,26,5.886104031450156,2,17.9156804367024,1,0,9.0,0,0.0,110,0,66,32,40,81,0,11,3,False,False,False,False,False,False,False,False,True,False,False
246,96,1,2022,7,8,7.808729306744399,36,19.945162843821418,47,66,45.0,5,6.0,170,0,71,59,56,4,0,27,12,False,False,False,False,False,False,True,False,False,False,False
198,116,2,2023,6,5,5.375278407684165,6,17.766480777609814,6,14,8.0,2,4.0,84,0,43,14,74,1,0,19,8,True,False,False,False,False,False,False,False,False,False,False
243,253,2,2023,4,21,7.174724309836376,34,18.560529995559442,29,26,43.0,5,44.0,91,1,82,47,62,10,0,10,15,False,False,False,False,False,False,False,False,False,True,False
11,153,2,2023,5,19,6.799055862058796,0,17.86012318518998,34,2,33.0,0,1.0,126,1,78,20,70,1,0,16,4,False,False,False,True,False,False,False,False,False,False,False
174,170,1,2022,10,17,8.293049139768444,13,19.94059830910698,72,27,47.0,0,0.0,150,1,49,4,55,7,0,6,3,False,False,True,False,False,False,False,False,False,False,False
386,263,1,2016,1,21,8.94663520890585,13,20.66122536854207,119,66,,2,2.0,174,1,47,27,78,11,0,10,8,True,False,False,False,False,False,False,False,False,False,False
81,209,2,2023,6,2,5.3706380281276624,0,17.033412068342226,3,3,6.0,0,0.0,143,1,83,25,69,4,0,23,12,False,False,True,False,False,False,False,False,False,False,False
365,90,1,2000,1,1,9.94097599694712,27,21.07714958742641,81,53,,1,17.0,104,0,95,78,66,3,0,4,6,False,False,False,False,False,False,False,True,False,False,False
359,293,1,2021,12,10,7.857867559331803,32,19.846033995036716,3,79,21.0,1,54.0,105,0,65,46,53,16,0,9,5,False,False,False,False,False,False,False,False,True,False,False
135,136,1,2022,6,10,8.753213480544126,6,20.71171512558724,109,42,158.0,3,31.0,170,1,44,27,32,89,0,14,5,False,False,False,False,False,False,False,False,False,False,True
221,183,3,2023,5,4,6.516193076042964,1,17.74434397337005,9,13,11.0,0,1.0,178,0,62,56,66,18,0,12,5,False,False,False,True,False,False,False,False,False,False,False
75,81,1,2023,5,5,6.573680166960646,0,17.501723710653657,37,3,27.0,0,50.0,176,0,50,44,76,10,0,32,5,False,False,False,False,False,False,False,False,True,False,False
378,208,2,2023,5,1,5.793013608384144,13,18.337680757838235,14,110,9.0,0,49.0,104,0,80,38,88,11,0,11,5,False,False,False,False,False,False,True,False,False,False,False
69,239,2,2023,4,30,5.955837369464831,4,18.162340518170137,17,7,41.0,1,29.0,117,0,77,69,58,39,0,26,5,False,False,False,False,False,False,False,False,True,False,False
240,163,1,2023,4,7,7.456454555176209,3,18.584056524248624,46,5,51.0,0,20.0,98,1,44,36,41,50,0,38,5,False,False,False,False,False,False,False,True,False,False,False
416,174,1,2022,4,8,8.084254106307318,9,19.496321164782643,67,55,48.0,0,6.0,148,1,51,27,33,48,0,22,3,True,False,False,False,False,False,False,False,False,False,False
150,121,1,2023,4,10,5.905361848054571,15,18.628773615880696,16,102,7.0,0,55.0,122,0,68,38,88,1,0,8,5,False,False,False,False,False,False,True,False,False,False,False
74,317,1,1997,1,1,6.159095388491933,2,18.45761537485588,0,0,6.0,0,0.0,144,1,74,75,73,42,0,9,4,False,False,False,False,False,False,False,True,False,False,False
342,243,1,2023,4,24,5.605802066295998,12,18.328802554127332,16,103,9.0,0,55.0,137,1,77,35,88,16,0,17,9,False,False,False,False,False,False,False,False,False,False,True
21,279,1,2019,8,23,7.1569563646156364,6,19.03716617038536,26,6,19.0,0,5.0,96,1,72,40,47,71,0,13,4,False,False,False,False,True,False,False,False,False,False,False
286,206,2,2023,4,14,7.275864600546533,4,18.469403734437126,0,0,0.0,0,0.0,148,1,90,74,68,14,0,10,19,True,False,False,False,False,False,False,False,False,False,False
87,111,2,2023,2,3,5.877735781779639,10,18.80791629204499,4,64,4.0,2,37.0,182,1,57,80,59,8,0,6,5,True,False,False,False,False,False,False,False,False,False,False
162,104,2,2022,12,30,5.583496308781699,6,18.88410640447167,8,84,5.0,1,4.0,145,0,76,80,81,19,0,6,9,False,False,False,False,False,False,True,False,False,False,False
317,274,2,2023,4,25,5.863631175598097,9,18.158154851423763,16,90,10.0,0,64.0,110,0,76,26,70,1,0,41,6,False,False,True,False,False,False,False,False,False,False,False
179,236,1,2022,8,16,5.0689042022202315,4,18.736395316088814,5,6,1.0,1,18.0,134,1,70,35,41,41,0,10,3,False,False,False,False,False,False,False,False,False,True,False
209,191,1,2022,10,21,8.283241441385425,6,20.035255346973234,142,23,127.0,3,16.0,145,1,84,88,53,35,0,8,7,False,True,False,False,False,False,False,False,False,False,False
290,230,1,2022,11,4,7.593877844605118,35,19.75873248947074,34,26,37.0,5,1.0,92,0,75,55,76,25,0,10,15,False,False,True,False,False,False,False,False,False,False,False
212,231,2,2023,4,27,6.775366090936392,4,17.928115791305068,17,13,27.0,0,43.0,120,0,80,33,70,22,0,9,4,False,False,False,False,False,False,False,False,False,True,False
108,87,2,2022,12,24,6.008813185442595,5,19.10516755150566,3,31,2.0,1,0.0,139,0,70,77,48,37,0,12,5,False,False,False,False,False,True,False,False,False,False,False
316,133,1,2023,3,17,5.831882477283517,13,18.94214124045688,4,71,16.0,1,9.0,132,0,59,56,82,12,0,12,6,False,False,False,True,False,False,False,False,False,False,False
156,286,2,2018,3,29,8.340217320947035,15,20.374374479295863,30,70,142.0,0,27.0,114,1,32,17,74,14,0,17,3,False,True,False,False,False,False,False,False,False,False,False
93,234,2,2023,5,4,4.663439094112067,0,17.356534111822867,5,9,5.0,0,0.0,145,0,54,19,48,36,0,37,5,False,False,True,False,False,False,False,False,False,False,False
318,23,1,2022,9,16,7.329749689041512,17,19.99381817647854,53,120,62.0,0,2.0,110,1,82,67,69,0,0,18,4,False,False,False,True,False,False,False,False,False,False,False
133,203,2,2022,12,22,7.883069351305753,30,19.532928318156095,21,55,32.0,3,0.0,94,1,89,61,66,17,0,36,16,False,False,False,False,False,False,False,False,False,False,True
197,133,1,2023,3,24,5.924255797414532,19,18.9724219226617,4,72,5.0,0,5.0,120,1,62,32,76,0,0,39,4,False,False,False,False,False,False,False,False,False,True,False
302,130,2,2023,2,2,5.303304908059076,4,18.315600844473693,8,77,2.0,1,1.0,123,0,70,86,68,24,0,11,4,False,False,False,False,False,False,False,False,False,True,False
345,92,2,2002,5,26,8.938006576471201,14,20.300858260345496,18,51,,0,0.0,130,0,80,64,76,2,0,20,6,False,False,False,False,False,False,True,False,False,False,False
216,183,3,2023,3,2,7.097548850614793,34,18.801919222883022,10,41,20.0,0,1.0,94,1,82,53,67,34,0,9,8,False,False,True,False,False,False,False,False,False,False,False
273,120,2,2023,4,7,5.3471075307174685,4,18.377940504526205,4,45,11.0,2,24.0,89,0,73,44,57,39,0,32,6,False,False,False,False,False,False,False,False,False,True,False
295,96,1,2023,3,17,7.119635638017636,9,18.579452126158404,20,8,15.0,0,6.0,87,0,65,71,56,4,0,15,20,False,False,False,False,False,False,False,True,False,False,False
305,302,2,2023,3,31,6.565264970035361,0,17.884080404416814,8,1,13.0,0,0.0,96,0,48,50,80,40,0,37,20,False,False,False,False,False,False,False,False,True,False,False
139,197,1,2023,3,25,6.493753839851686,0,17.780562294038976,22,7,11.0,0,78.0,106,1,73,22,86,31,0,12,4,False,False,False,False,False,False,False,False,False,True,False
195,186,1,2022,12,9,6.901737206656574,4,19.40571218912427,30,84,88.0,1,28.0,130,1,74,79,87,45,0,30,3,False,False,False,False,False,False,False,False,True,False,False
88,102,2,2023,3,14,5.771441123130016,6,18.571981096883253,5,48,2.0,1,9.0,142,0,70,76,79,26,0,11,7,False,False,False,False,False,False,False,False,False,True,False
224,279,1,2022,10,21,7.868254265520613,4,19.887071295930927,19,29,21.0,0,0.0,140,1,64,18,37,72,0,12,7,False,False,False,True,False,False,False,False,False,False,False
210,155,1,2022,10,26,6.297109319933935,2,18.866741907458465,23,2,21.0,0,0.0,110,0,81,64,79,5,0,31,3,False,False,False,False,False,False,False,False,False,False,True
234,161,1,2022,1,21,7.807916628926408,20,19.922185291566706,20,68,50.0,0,22.0,120,1,71,57,97,1,0,13,11,False,True,False,False,False,False,False,False,False,False,False
154,284,1,2014,11,28,8.92757950384347,7,20.695036069217117,44,19,135.0,0,6.0,76,1,58,46,67,65,0,13,4,False,True,False,False,False,False,False,False,False,False,False
82,270,1,2017,2,20,9.252633284166434,7,20.639933882209352,71,53,181.0,0,10.0,172,1,60,77,78,45,0,12,6,False,False,False,False,False,False,False,False,True,False,False
362,285,1,2015,5,27,10.155995712480241,4,21.38974649836865,122,94,,0,18.0,136,0,36,12,57,9,0,14,8,False,False,False,True,False,False,False,False,False,False,False
272,128,1,2023,4,7,3.5553480614894135,0,18.038204256000316,0,0,0.0,0,0.0,92,0,71,41,31,79,0,10,5,False,True,False,False,False,False,False,False,False,False,False
214,79,5,2022,12,15,7.520776415062797,16,19.2252913310895,20,8,30.0,2,0.0,95,1,77,72,87,17,0,7,5,False,False,False,True,False,False,False,False,False,False,False
204,244,1,2022,12,9,7.555905093611346,0,19.422699397539677,23,71,14.0,0,9.0,145,0,70,34,55,43,0,16,6,False,False,False,True,False,False,False,False,False,False,False
375,110,2,2023,2,24,7.333023014386481,0,18.82466637817857,32,18,39.0,2,0.0,95,1,64,30,77,46,0,38,6,False,False,False,True,False,False,False,False,False,False,False
422,316,2,2023,3,3,6.423246963533519,2,18.57425803942623,22,82,8.0,0,9.0,94,0,68,81,82,53,0,9,13,False,False,True,False,False,False,False,False,False,False,False
261,194,1,2022,12,2,6.699500340161678,4,18.815889663370957,11,58,5.0,0,21.0,142,1,61,92,91,0,0,26,3,False,False,False,False,False,False,False,False,False,True,False
19,194,1,2023,3,3,5.877735781779639,4,18.301797090338184,4,20,0.0,0,0.0,121,0,64,67,80,0,0,36,3,False,False,False,False,False,False,False,False,True,False,False
369,194,1,2023,3,3,6.405228458030842,6,18.651135749325267,22,101,0.0,0,66.0,140,0,66,43,76,49,0,12,3,False,False,False,False,False,True,False,False,False,False,False
287,70,3,2023,2,23,7.0825485693553,0,18.47006363718512,29,3,18.0,0,19.0,137,0,84,44,67,8,0,11,6,False,False,False,True,False,False,False,False,False,False,False
322,180,1,2023,1,23,4.90527477843843,4,18.93092652364127,4,6,0.0,0,23.0,120,1,56,20,43,89,0,12,4,False,False,False,False,True,False,False,False,False,False,False
157,194,1,2023,1,31,6.066108090103747,0,18.234609794964058,15,17,0.0,0,0.0,144,1,68,83,81,9,0,8,4,False,False,False,False,True,False,False,False,False,False,False
30,17,2,2022,11,5,4.465908118654584,0,18.755981272963673,11,101,0.0,0,48.0,94,1,59,44,56,80,0,6,3,True,False,False,False,False,False,False,False,False,False,False
265,196,2,2022,12,15,7.43955930913332,15,19.21552522678936,30,15,34.0,2,47.0,113,0,79,66,74,8,0,11,5,False,False,False,False,False,False,False,False,False,True,False
213,195,2,2023,3,3,5.799092654460526,0,17.89119768091201,14,35,1.0,0,0.0,148,1,50,49,76,12,0,12,3,False,False,False,False,False,False,True,False,False,False,False
177,146,1,2022,5,31,5.093750200806762,6,18.870337624894933,1,10,1.0,0,1.0,140,1,58,26,38,91,0,10,4,False,False,True,False,False,False,False,False,False,False,False
231,215,2,2022,10,19,8.201385955238608,15,19.7575918748239,118,34,150.0,4,19.0,132,0,87,82,70,42,0,21,5,False,False,False,True,False,False,False,False,False,False,False
429,194,1,2023,3,3,5.645446897643238,0,17.850339925436415,6,15,0.0,0,0.0,142,1,49,48,67,10,0,26,3,False,False,False,False,True,False,False,False,False,False,False
392,230,1,2023,1,20,6.790097235513905,22,18.98257590927511,11,24,7.0,1,7.0,176,0,72,96,63,25,0,21,7,False,False,False,False,False,False,True,False,False,False,False
371,194,1,2022,5,6,6.876264611890766,4,19.129806922615114,16,53,1.0,0,61.0,140,1,53,51,70,49,0,14,3,False,False,False,False,False,False,False,False,True,False,False
164,171,1,2000,10,24,10.129267625171467,6,21.208260029769498,63,0,,2,0.0,105,0,55,40,90,1,0,32,6,False,False,False,False,False,True,False,False,False,False,False
414,168,1,2022,12,8,6.2766434893416445,4,18.715545700118447,20,1,71.0,2,0.0,135,1,81,97,77,75,0,35,3,False,False,False,False,False,False,False,True,False,False,False
203,296,1,2022,7,28,5.493061443340548,0,18.065001675393663,12,2,13.0,0,4.0,128,0,82,61,59,30,0,12,4,False,False,False,False,False,False,True,False,False,False,False
293,313,2,2022,10,20,6.493753839851686,15,19.282967618548703,19,59,18.0,5,52.0,98,1,73,88,57,56,0,5,2,False,False,True,False,False,False,False,False,False,False,False
200,281,1,2023,1,27,7.157735484249907,0,18.80960291579415,57,4,48.0,0,0.0,107,0,66,47,40,72,0,11,3,False,False,True,False,False,False,False,False,False,False,False
14,173,1,2022,7,15,7.75491027202143,2,20.400156185583178,0,0,25.0,0,0.0,109,0,84,72,74,10,0,34,7,False,True,False,False,False,False,False,False,False,False,False
47,194,1,2023,3,3,5.318119993844216,0,17.355047856910243,5,9,0.0,0,0.0,148,1,53,61,81,5,0,36,4,False,False,False,True,False,False,False,False,False,False,False
430,105,1,2020,5,20,6.530877627725885,14,19.81468890457447,24,94,9.0,0,23.0,158,0,60,52,76,17,0,19,5,False,False,False,False,False,False,False,False,True,False,False
40,308,2,2022,9,29,7.8083230503910555,13,19.550416861995117,53,7,56.0,3,1.0,94,0,74,64,73,6,0,10,6,False,False,False,False,False,False,False,True,False,False,False
208,159,1,2022,10,12,5.666426688112432,6,19.5824770962695,11,80,1.0,0,8.0,96,0,70,40,51,35,0,10,4,False,False,False,False,False,False,False,False,True,False,False
237,57,2,2021,9,24,8.720623711420426,13,20.783388227253948,0,0,0.0,0,0.0,105,1,58,42,68,1,0,14,4,True,False,False,False,False,False,False,False,False,False,False
86,194,1,2023,3,3,5.117993812416755,0,17.297579472959836,2,10,0.0,0,0.0,125,1,53,32,66,38,0,9,3,False,False,False,True,False,False,False,False,False,False,False
158,249,3,2023,1,27,7.544861068658458,0,18.457857687337984,86,1,49.0,0,9.0,115,1,70,84,90,17,0,41,6,False,False,False,True,False,False,False,False,False,False,False
13,162,1,2022,10,17,6.635946555686647,12,19.522792641838443,23,95,11.0,0,3.0,105,0,88,82,80,8,0,11,8,False,True,False,False,False,False,False,False,False,False,False
388,273,2,2023,1,13,6.030685260261263,2,18.84496954283833,15,40,21.0,1,15.0,100,1,79,60,68,7,0,26,4,False,False,False,True,False,False,False,False,False,False,False
144,27,1,2016,9,27,6.180016653652572,0,18.625771707437647,9,1,12.0,4,3.0,135,1,92,73,51,55,0,15,6,False,False,False,False,True,False,False,False,False,False,False
169,19,6,2022,12,22,4.9344739331306915,4,14.126800508553213,13,78,2.0,0,0.0,105,1,82,62,74,10,0,33,7,False,False,False,False,False,False,False,False,False,True,False
114,232,2,2022,11,25,7.221835825288449,0,19.032122920155544,12,1,11.0,0,8.0,108,0,44,38,77,9,0,9,20,False,False,False,False,False,False,False,False,True,False,False
100,26,3,2022,11,20,6.7912214627261855,20,19.59427320572491,11,78,35.0,0,21.0,115,1,71,34,88,16,0,44,4,False,False,False,True,False,False,False,False,False,False,False
235,269,3,2023,1,12,6.490723534502507,6,18.6110717714813,33,7,53.0,2,0.0,90,0,68,83,71,3,0,31,8,False,True,False,False,False,False,False,False,False,False,False
159,248,1,2014,1,1,9.769556079890267,3,21.1976268054361,136,24,,0,30.0,82,1,68,50,49,56,0,8,4,False,False,False,False,False,False,False,True,False,False,False
143,58,1,2020,3,20,8.727616178321068,7,20.987013684590345,82,1,231.0,0,2.0,92,1,47,25,43,62,0,32,3,False,False,False,False,False,False,False,True,False,False,False
39,306,6,2022,12,12,4.875197323201151,4,18.758487939119778,21,79,2.0,0,0.0,116,0,77,65,80,6,0,15,4,False,False,False,False,False,False,False,False,False,False,True
341,276,1,2023,1,27,5.886104031450156,0,18.49432898901921,12,56,13.0,0,13.0,125,0,71,83,89,1,0,17,9,False,True,False,False,False,False,False,False,False,False,False
278,23,1,2022,8,19,7.582738488914411,16,20.12780037822429,57,119,77.0,1,13.0,90,1,80,71,69,2,0,27,10,False,False,False,True,False,False,False,False,False,False,False
206,88,1,2020,1,10,8.30844552038576,8,20.58645709797024,78,21,240.0,1,52.0,186,0,41,9,61,2,0,12,5,False,False,False,False,False,False,True,False,False,False,False
31,251,1,2015,4,22,8.021584533455107,6,20.163576176282465,43,53,134.0,1,32.0,166,0,40,23,48,5,0,12,3,False,False,False,False,False,False,False,False,False,False,True
44,244,1,2022,12,9,7.3031700512368,0,18.911001580085294,22,51,12.0,0,0.0,114,0,46,60,28,91,0,21,4,True,False,False,False,False,False,False,False,False,False,False
408,28,1,2021,6,4,9.17419492533983,28,20.954849270445468,120,86,164.0,4,0.0,180,1,64,44,65,28,0,14,12,False,False,False,True,False,False,False,False,False,False,False
99,4,1,1973,1,5,5.1298987149230735,0,20.547228616282666,0,0,5.0,0,0.0,80,0,39,24,43,39,0,23,3,False,False,False,False,False,False,False,True,False,False,False
393,300,2,2022,9,28,7.385851078125209,0,19.178859672431052,34,54,34.0,0,2.0,140,0,58,17,62,18,0,20,8,False,False,False,False,True,False,False,False,False,False,False
175,156,1,2022,10,12,6.354370040797351,4,19.162802995394966,38,101,26.0,0,0.0,102,1,58,29,94,0,0,9,11,False,False,False,True,False,False,False,False,False,False,False
320,118,1,2022,9,14,6.570882962339584,7,19.018588973671143,2,4,6.0,0,0.0,85,0,65,36,47,31,0,12,10,False,False,False,False,False,False,False,True,False,False,False
412,279,1,2022,10,21,7.839131648274333,2,19.66957109209534,8,18,20.0,0,1.0,120,1,69,40,39,41,0,13,6,False,False,False,False,True,False,False,False,False,False,False
178,229,3,2022,7,17,5.680172609017068,6,19.719780824083983,26,98,4.0,0,0.0,94,1,58,44,57,57,0,10,3,False,False,False,True,False,False,False,False,False,False,False
271,184,2,2012,1,1,9.557045784877424,4,21.114810821457347,56,38,,1,2.0,110,1,74,51,74,2,0,29,4,False,False,False,False,False,False,True,False,False,False,False
300,38,1,1958,1,1,9.61547209118311,0,20.46087914952753,191,168,206.0,0,2.0,140,1,70,85,41,71,0,45,5,False,False,False,False,False,False,False,False,False,False,True
171,37,1,1957,1,1,9.242517103671403,0,20.423918069431817,165,99,104.0,0,2.0,119,1,74,78,37,84,0,6,3,False,False,False,False,True,False,False,False,False,False,False
385,151,1,2013,10,25,8.794370279222871,0,20.000248384723356,144,99,251.0,0,0.0,160,1,51,69,81,0,0,21,5,False,False,False,False,False,False,False,False,False,False,True
124,138,1,1970,11,1,8.239857411018601,0,20.0694058000255,21,3,10.0,0,0.0,148,1,50,96,82,47,0,34,4,False,False,False,False,True,False,False,False,False,False,False
201,244,1,2022,12,9,7.028201432058005,0,18.523679950913873,16,63,8.0,0,0.0,65,0,71,55,26,85,0,13,8,True,False,False,False,False,False,False,False,False,False,False
387,245,2,2022,12,8,6.949856455000773,0,18.35886690216909,7,29,3.0,0,0.0,150,0,73,71,69,53,0,32,9,False,True,False,False,False,False,False,False,False,False,False
5,41,1,1952,1,1,8.97853441008332,0,19.795892410762516,108,120,73.0,0,0.0,140,1,67,81,36,64,0,15,3,False,False,False,True,False,False,False,False,False,False,False
402,219,1,1979,11,16,7.430114138561801,0,19.816775642528736,1,0,29.0,0,0.0,95,1,75,74,58,36,0,9,3,False,False,True,False,False,False,False,False,False,False,False
333,244,1,2022,12,9,6.810142450115136,0,18.293895198281195,6,21,3.0,0,0.0,76,1,60,19,20,78,0,11,5,False,False,False,True,False,False,False,False,False,False,False
223,259,1,1984,1,1,6.992096427415888,0,19.67810934571975,90,35,5.0,0,0.0,101,0,72,91,87,14,0,13,3,False,False,False,True,False,False,False,False,False,False,False
101,54,1,1986,1,1,6.790097235513905,0,19.878143402935788,50,0,6.0,0,0.0,180,1,51,87,58,36,0,18,4,True,False,False,False,False,False,False,False,False,False,False
63,63,1,1963,11,22,9.118553976345474,0,19.307613311455853,121,58,212.0,0,0.0,126,1,34,35,76,39,0,8,5,False,False,False,False,False,True,False,False,False,False,False
137,244,1,2022,12,9,6.794586580876499,0,17.995463678964253,3,17,2.0,0,0.0,150,1,43,42,44,57,0,15,6,False,False,False,False,False,False,False,True,False,False,False
118,244,1,2022,12,9,6.897704943128636,0,18.02823303072146,5,9,1.0,0,0.0,90,1,53,47,74,9,0,34,4,False,False,False,False,True,False,False,False,False,False,False
250,244,1,2022,12,9,6.709304340258298,0,17.94295255698166,14,22,0.0,0,0.0,160,1,72,78,68,28,0,11,12,False,False,False,False,False,False,False,True,False,False,False
222,82,2,2017,11,10,7.700747794511798,0,18.726130573284518,72,90,141.0,0,0.0,114,1,59,60,94,24,0,10,4,False,False,False,True,False,False,False,False,False,False,False
167,221,3,1958,1,1,8.74687531957003,0,19.50586483997766,89,39,158.0,0,0.0,113,1,73,72,32,77,0,15,5,False,False,False,False,False,False,False,False,False,True,False
29,179,2,2022,11,4,5.749392985908253,2,18.73322285400256,10,6,7.0,1,9.0,100,0,70,92,59,3,0,10,3,False,False,True,False,False,False,False,False,False,False,False
400,233,1,2022,12,2,5.869296913133774,2,18.725304162961514,2,74,14.0,0,2.0,155,1,49,42,77,3,0,12,9,False,False,False,False,False,False,False,False,False,False,True
152,244,1,2021,12,3,8.31752199628717,0,19.69243339875265,66,96,43.0,0,0.0,107,0,54,41,39,51,0,11,16,False,False,False,False,False,False,False,False,False,True,False
297,294,2,2022,12,2,6.78105762593618,0,18.52188256119879,3,7,10.0,0,0.0,112,1,80,15,54,9,0,38,5,False,False,False,False,False,False,False,False,False,False,True
84,199,1,1959,1,1,8.101677747454572,0,18.65991585683328,65,39,41.0,0,0.0,107,0,69,96,36,81,0,8,4,False,False,False,False,False,False,False,False,True,False,False
68,244,1,2022,12,9,6.802394763324311,0,17.856290652144143,2,14,2.0,0,0.0,150,1,79,77,46,5,0,11,7,False,False,False,True,False,False,False,False,False,False,False
328,280,2,2022,10,21,7.789868559054706,0,19.59451551086245,33,57,30.0,0,11.0,110,1,66,19,32,69,0,12,4,True,False,False,False,False,False,False,False,False,False,False
215,279,1,2022,10,21,7.742835955430749,0,19.576701004207187,12,16,14.0,0,0.0,108,1,64,4,40,6,0,10,6,False,False,False,False,False,False,False,False,False,True,False
38,279,1,2022,10,21,7.90100705199242,0,19.609157225070796,39,35,22.0,2,0.0,164,1,70,39,56,6,0,9,7,False,False,False,False,False,False,False,False,False,True,False
410,113,2,2005,9,20,7.8547691834991324,0,19.011670490174666,108,56,30.0,0,0.0,93,1,63,93,88,1,0,12,4,False,False,False,False,False,False,False,True,False,False,False
374,244,1,2022,12,8,6.5722825426940075,0,17.712683078771793,0,9,2.0,0,0.0,128,1,45,35,68,78,0,39,8,False,False,True,False,False,False,False,False,False,False,False
268,29,2,2022,5,6,8.066521490469993,4,20.236409121683728,38,64,37.0,3,36.0,97,1,83,47,80,2,0,24,9,True,False,False,False,False,False,False,False,False,False,False
304,55,1,1958,1,1,9.061027968789174,0,19.318200192512254,120,30,52.0,0,1.0,152,0,69,94,71,79,0,7,8,False,False,False,False,False,False,False,False,False,True,False
172,101,1,1957,1,1,8.372629740224884,0,19.00099769095759,32,3,65.0,0,0.0,175,1,51,94,34,73,0,10,5,False,False,False,False,False,False,False,False,False,False,True
122,244,1,2022,12,9,6.523562306149512,0,17.759839772518962,2,15,1.0,0,0.0,116,1,61,48,55,67,0,16,8,False,False,False,False,True,False,False,False,False,False,False
259,135,2,2022,12,2,5.988961416889864,0,18.1740119949163,2,2,6.0,0,2.0,80,0,33,51,59,76,0,44,6,False,False,False,False,False,False,False,True,False,False,False
308,285,1,2022,1,7,8.398634855292102,0,19.604836992925126,81,77,133.0,0,2.0,122,1,70,91,79,3,0,7,10,False,False,False,False,False,False,False,False,False,True,False
165,285,1,2022,1,7,7.966239776559467,6,19.784860798854048,13,89,34.0,0,3.0,135,0,70,60,58,4,0,16,3,True,False,False,False,False,False,False,False,False,False,False
263,285,1,2022,1,7,8.21932609390609,0,19.643455095248974,49,88,62.0,0,2.0,93,0,65,82,74,27,0,32,5,False,False,False,True,False,False,False,False,False,False,False
149,285,1,2022,1,7,7.557994958530806,0,18.596634712283393,7,47,15.0,0,0.0,121,0,80,62,51,2,0,9,8,False,False,False,False,False,False,False,False,False,True,False
132,285,1,2022,1,7,7.739794458408701,0,18.576860050438732,11,29,14.0,0,0.0,123,0,74,35,73,0,0,21,5,False,False,False,False,False,False,False,False,True,False,False
193,285,1,2022,1,7,7.937731775260109,0,19.117126837111623,18,77,61.0,0,1.0,143,1,53,50,79,0,0,8,3,False,False,False,True,False,False,False,False,False,False,False
353,285,1,2021,8,6,7.862497197230545,0,18.688076972977854,17,80,38.0,0,0.0,121,0,70,35,77,1,0,26,4,False,True,False,False,False,False,False,False,False,False,False
41,285,1,2022,1,7,7.164720378771857,0,18.431768892591833,3,18,14.0,0,0.0,87,0,49,49,59,44,0,35,21,False,False,False,False,False,False,True,False,False,False,False
153,287,2,2022,1,7,7.072421900537371,0,18.33355329113529,9,10,9.0,0,0.0,110,1,75,85,84,10,0,31,19,False,False,False,False,True,False,False,False,False,False,False
239,68,1,2021,6,11,8.805824812903607,0,20.764953129628207,125,36,150.0,0,2.0,130,1,66,19,61,30,0,9,7,False,False,False,True,False,False,False,False,False,False,False
335,285,1,2022,1,7,6.922643891475888,0,18.127670595814365,1,17,11.0,0,0.0,86,0,28,13,41,50,0,19,3,True,False,False,False,False,False,False,False,False,False,False
260,288,2,2021,11,5,8.470520783217808,0,20.10632992947973,68,18,75.0,0,1.0,97,1,68,72,78,4,0,7,5,False,False,False,True,False,False,False,False,False,False,False
230,5,2,2020,9,21,8.07775756373692,2,20.175443976177817,67,13,139.0,0,40.0,116,1,75,36,76,12,0,10,10,False,False,False,False,True,False,False,False,False,False,False
428,139,2,2021,5,21,8.567506005289827,6,20.93097558549766,85,43,134.0,0,2.0,176,1,29,12,33,68,0,12,5,False,False,False,False,False,True,False,False,False,False,False
23,279,1,2021,11,12,8.441607204459642,5,20.184875451917055,50,49,30.0,1,2.0,93,1,63,21,52,28,0,9,3,False,False,False,True,False,False,False,False,False,False,False
95,285,1,2022,1,7,7.077498053569231,0,17.971319075938023,1,5,6.0,0,0.0,122,1,77,25,62,34,0,23,3,False,True,False,False,False,False,False,False,False,False,False
257,3,1,2021,11,19,8.39660622842712,0,19.960156879948386,105,7,199.0,0,0.0,88,1,53,55,73,9,0,3,5,False,False,False,True,False,False,False,False,False,False,False
111,172,4,2022,1,5,6.633318433280377,3,19.283319532538627,32,0,12.0,0,0.0,170,0,70,61,44,40,0,37,4,False,False,False,False,False,False,False,True,False,False,False
6,285,1,2022,1,7,6.598509028614515,0,17.55138015241444,0,2,2.0,0,0.0,94,0,46,55,50,71,0,10,11,False,False,False,False,False,False,False,True,False,False,False
151,95,1,2021,11,18,7.935945103353701,0,19.23276227492921,45,0,107.0,0,0.0,170,1,65,46,47,12,0,13,16,False,True,False,False,False,False,False,False,False,False,False
166,260,1,2021,12,1,7.576097340623111,0,19.475692932736543,56,8,104.0,0,10.0,78,1,40,7,29,62,0,9,3,False,False,False,False,False,False,False,False,False,True,False
331,282,1,2018,3,9,8.280964400553373,12,20.212057151488324,33,102,93.0,0,30.0,94,1,57,36,58,5,0,15,3,False,False,False,False,True,False,False,False,False,False,False
343,160,1,2021,10,30,7.844632644464681,0,19.65259772830119,52,15,35.0,0,1.0,73,1,83,11,41,0,0,36,14,False,False,False,False,True,False,False,False,False,False,False
391,20,2,2021,8,3,8.589699882202986,10,20.328445561538473,138,24,133.0,0,1.0,176,1,73,79,86,42,0,7,18,False,False,False,True,False,False,False,False,False,False,False
327,40,3,2021,11,5,8.509967146324497,0,19.764980936845582,63,40,76.0,0,0.0,82,1,63,85,62,6,0,35,4,False,False,False,False,True,False,False,False,False,False,False
220,275,3,2020,3,13,8.815073088844464,0,20.089351635493692,47,14,90.0,0,1.0,95,1,77,40,47,2,0,9,3,False,False,False,False,True,False,False,False,False,False,False
349,254,1,2021,10,22,8.022240916806537,9,20.051639056485406,77,31,85.0,5,28.0,123,0,75,93,86,8,0,14,3,False,False,True,False,False,False,False,False,False,False,False
249,53,3,2021,9,8,7.930565854233965,2,19.89474637951667,86,76,59.0,0,16.0,98,0,73,60,85,17,0,24,5,True,False,False,False,False,False,False,False,False,False,False
196,210,1,2020,7,17,7.9617188159813645,0,20.033197236691418,43,15,116.0,0,2.0,80,1,70,57,49,19,0,12,8,False,False,False,True,False,False,False,False,False,False,False
309,147,3,2021,9,16,8.200837258379849,0,19.684991719659962,69,3,70.0,0,3.0,110,0,86,31,53,43,0,11,6,False,False,False,True,False,False,False,False,False,False,False
52,25,1,2021,5,21,8.472195825485501,6,20.857488839853396,180,135,223.0,0,5.0,110,1,79,70,36,0,0,6,11,False,False,False,False,False,False,False,False,False,False,True
411,69,2,2021,6,24,8.531884740159228,0,20.326744985947123,83,9,100.0,0,4.0,129,1,83,44,62,2,0,8,6,False,False,False,False,False,False,False,False,False,False,True
417,211,1,2021,4,1,8.928772900524256,4,20.951898820122032,117,39,141.0,0,46.0,181,1,44,22,60,61,0,42,9,True,False,False,False,False,False,False,False,False,False,False
310,299,2,2021,10,21,6.964135612418245,0,19.381616584922103,17,5,21.0,0,0.0,84,1,67,78,63,29,0,12,5,False,False,False,False,True,False,False,False,False,False,False
390,255,3,2021,7,8,8.09346227450118,19,20.22904430249892,101,34,70.0,1,2.0,154,1,66,63,69,21,0,11,7,False,False,False,False,False,False,False,False,True,False,False
91,291,2,2021,8,1,8.704004653483045,0,20.155790047219458,171,51,187.0,1,21.0,120,0,77,51,79,20,0,26,6,False,False,True,False,False,False,False,False,False,False,False
97,254,1,2021,11,19,6.8308742346461795,0,18.93396186451702,24,47,74.0,0,0.0,94,1,42,47,36,76,0,9,5,False,False,False,True,False,False,False,False,False,False,False
15,131,1,2021,9,1,8.038834757787749,0,19.71120083584509,111,5,182.0,1,0.0,122,1,77,51,79,5,0,16,5,False,True,False,False,False,False,False,False,False,False,False
427,0,2,2022,1,7,6.694562058521095,0,17.921140203425477,3,0,5.0,0,0.0,148,1,68,29,73,0,0,7,7,False,False,False,True,False,False,False,False,False,False,False
102,121,1,2021,12,1,6.257667587882639,1,19.32788208014229,17,89,11.0,0,0.0,120,1,83,59,73,6,0,5,11,True,False,False,False,False,False,False,False,False,False,False
396,268,2,2021,11,19,6.688354713946762,0,18.857630772255387,13,27,8.0,0,0.0,120,1,72,54,71,26,0,10,4,False,False,False,False,False,False,True,False,False,False,False
77,298,1,2021,11,17,6.595780513961311,0,19.108227295226364,14,14,24.0,0,4.0,106,1,86,86,79,11,0,8,9,False,False,False,True,False,False,False,False,False,False,False
227,66,1,2022,1,7,6.670766320845874,0,18.639072487288203,13,0,32.0,1,0.0,110,1,63,31,35,93,0,29,3,False,True,False,False,False,False,False,False,False,False,False
420,211,1,2021,5,21,8.029432840581244,4,20.561462363213817,25,46,105.0,0,45.0,169,1,39,36,45,81,0,8,13,False,False,False,False,False,False,False,False,True,False,False
285,148,1,2021,8,29,8.445052513638554,0,19.745985030079694,24,6,105.0,0,0.0,118,1,80,21,55,1,0,26,17,False,False,False,True,False,False,False,False,False,False,False
325,225,1,2020,12,25,8.101071503119543,3,20.043585251395882,25,3,52.0,0,1.0,140,1,79,56,91,26,0,13,21,False,False,False,False,True,False,False,False,False,False,False
301,3,1,2010,11,29,10.482485711405168,6,21.11043110233181,195,125,,2,78.0,105,1,73,52,76,13,0,5,3,False,False,False,False,False,False,False,False,False,False,True
276,83,2,2021,12,23,8.006367567650246,0,19.38112807971188,60,17,154.0,0,22.0,108,0,96,71,42,57,0,8,9,False,False,False,False,False,False,False,False,False,True,False
419,211,1,2021,5,21,8.211211361793023,0,20.479545250609746,20,21,99.0,0,7.0,173,1,40,19,29,86,0,34,4,True,False,False,False,False,False,False,False,False,False,False
423,16,1,2020,10,23,9.012864567410551,0,20.94845838682857,175,55,95.0,0,2.0,144,1,73,66,80,44,0,9,12,False,False,False,True,False,False,False,False,False,False,False
360,277,1,2021,10,1,7.048386408721883,0,19.661670724850183,20,99,44.0,0,2.0,120,1,81,92,90,9,0,8,7,True,False,False,False,False,False,False,False,False,False,False
140,109,1,2020,2,21,8.593969030218288,4,20.673694813335583,111,127,210.0,0,37.0,129,1,61,59,46,56,0,13,5,False,False,False,True,False,False,False,False,False,False,False
244,252,2,2016,11,18,8.905308661189288,0,20.679173152671975,92,127,,0,62.0,102,1,74,45,89,5,0,26,13,False,False,False,False,False,False,False,False,False,True,False
255,47,4,2021,8,13,8.837971491357209,0,19.873432108963122,122,11,201.0,0,1.0,124,0,79,79,84,2,0,5,5,False,False,False,False,False,False,False,False,False,False,True
45,34,1,2017,3,30,8.344029572407049,0,20.471935480110076,39,45,250.0,0,0.0,120,1,60,11,33,90,0,8,5,False,False,False,False,False,False,False,False,False,True,False
141,34,1,2021,7,28,7.580699752224563,0,19.838462027876616,19,0,38.0,0,0.0,81,1,45,12,57,7,0,23,3,False,False,False,True,False,False,False,False,False,False,False
194,12,2,2021,9,2,7.607381425639791,0,19.688245554111557,101,12,38.0,0,0.0,105,1,76,58,84,10,0,13,10,False,False,False,False,False,False,False,False,False,False,True
116,198,1,2021,8,10,7.10002716662926,2,19.486179539310733,30,2,5.0,0,6.0,79,1,63,76,67,38,0,6,4,False,False,False,False,False,False,False,False,True,False,False
364,21,1,2014,1,1,9.761635928295886,8,21.099014726090335,92,122,,0,55.0,126,1,53,66,85,2,0,24,4,False,False,False,False,False,False,False,False,True,False,False
395,76,3,2021,9,3,8.60922527686273,0,20.009805477661082,144,30,86.0,0,0.0,136,0,80,33,60,0,0,32,14,False,False,True,False,False,False,False,False,False,False,False
76,237,1,2021,6,25,7.877397186353287,3,19.95960902734698,36,82,39.0,0,5.0,102,0,77,26,63,58,0,11,5,True,False,False,False,False,False,False,False,False,False,False
294,124,2,2021,1,28,8.998136760700307,0,20.39590771035604,92,34,131.0,0,0.0,102,1,89,77,82,3,0,17,11,False,False,False,False,False,False,False,False,False,False,True
36,289,2,2021,11,11,6.628041376179533,4,19.11867951648412,22,3,0.0,0,0.0,94,1,52,68,69,13,0,33,8,False,False,False,True,False,False,False,False,False,False,False
366,262,1,2022,1,10,5.541263545158426,0,18.078401229688236,0,4,23.0,0,0.0,145,1,41,65,88,0,0,26,5,False,False,False,False,False,False,False,False,False,False,True
10,125,3,2021,6,24,8.788288460263619,0,20.085637946263077,93,5,67.0,1,0.0,172,0,74,79,66,11,0,8,16,False,False,False,False,False,False,False,False,True,False,False
282,80,1,2022,1,10,6.135564891081739,0,19.16913251413704,10,56,17.0,0,0.0,138,0,74,65,67,46,0,36,4,False,False,False,False,False,False,False,False,False,True,False
191,185,2,2021,4,28,8.495765244002618,4,20.295145376448346,143,24,110.0,0,70.0,120,1,72,67,72,0,0,13,4,False,False,False,False,False,False,False,False,False,True,False
275,25,1,2021,7,9,7.496652438168283,2,20.226234711750422,77,134,74.0,0,2.0,125,1,70,65,74,1,0,34,4,True,False,False,False,False,False,False,False,False,False,False
0,94,2,2002,5,26,10.039939675671627,0,21.25136856095997,78,46,,1,0.0,171,1,55,10,85,7,0,8,20,False,False,False,True,False,False,False,False,False,False,False
313,14,8,2021,8,12,7.353081920515432,0,19.224115987344238,72,0,0.0,0,0.0,84,0,56,61,76,10,0,14,11,False,False,False,False,False,False,False,False,False,True,False
115,187,2,2021,10,14,6.364750756851911,0,19.36969435060209,24,92,93.0,0,0.0,122,0,80,62,69,28,0,13,7,False,False,False,False,False,False,False,False,True,False,False
229,290,2,2021,4,29,8.133587417660966,16,20.206006378716765,61,23,70.0,1,0.0,92,1,85,92,54,16,0,29,7,False,False,False,False,True,False,False,False,False,False,False
347,13,3,2021,11,18,6.806829360392176,0,18.992394032582993,30,26,15.0,0,0.0,90,0,63,75,75,17,0,11,8,False,False,False,False,False,False,False,False,True,False,False
205,149,2,2022,2,10,8.826147399143558,28,20.390016491427794,151,102,175.0,5,29.0,94,0,84,90,70,9,0,14,8,False,False,False,False,False,False,True,False,False,False,False
336,141,1,2022,2,11,6.3818160174060985,5,19.32237218693466,4,113,20.0,0,1.0,130,0,51,50,76,30,0,10,7,False,False,False,False,True,False,False,False,False,False,False
48,71,1,2022,2,11,8.23403420769204,0,20.022714039751456,76,0,102.0,0,2.0,180,0,35,23,61,23,0,19,6,False,False,False,False,False,False,False,False,False,True,False
363,85,2,2022,2,11,7.266128779556451,0,18.804509328203533,46,1,34.0,0,0.0,134,1,53,31,31,92,0,28,3,False,False,False,True,False,False,False,False,False,False,False
50,181,2,2022,2,2,7.069874128458572,0,18.721371483103677,34,1,31.0,0,0.0,123,1,52,44,60,40,0,26,3,False,False,False,False,False,False,False,False,False,True,False
425,278,1,2022,2,4,7.905441649060286,0,19.653815344538934,105,12,51.0,0,12.0,160,0,61,65,64,1,0,12,4,False,False,False,False,True,False,False,False,False,False,False
20,164,2,2019,8,4,8.583542571957771,0,19.870430612618517,33,123,7.0,0,4.0,141,1,37,17,67,2,0,34,9,False,False,False,False,False,True,False,False,False,False,False
251,283,1,2016,8,5,7.780720886117918,0,19.8584654965349,22,13,65.0,0,6.0,160,1,31,30,88,7,0,8,8,True,False,False,False,False,False,False,False,False,False,False
117,123,3,2020,7,24,5.60947179518496,4,19.60699260386122,7,21,2.0,0,0.0,95,0,84,49,72,8,0,15,8,False,False,False,False,False,False,False,True,False,False,False
65,140,1,2021,12,10,6.883462586413092,0,19.038072321144057,11,0,10.0,0,0.0,160,1,60,47,62,3,0,38,4,False,False,False,False,True,False,False,False,False,False,False
55,72,3,1995,12,28,9.840228212896937,0,20.177495260454585,128,17,,0,0.0,92,1,77,76,84,3,0,38,4,False,False,False,False,False,False,False,False,False,True,False
129,93,2,1999,1,1,9.855766816324715,0,20.330281721201334,78,15,,0,3.0,134,1,93,61,74,9,0,17,8,False,False,False,False,False,False,False,False,False,False,True
98,177,2,2021,11,19,8.17244681834278,2,19.34839079846985,57,13,50.0,1,7.0,172,0,31,4,86,1,0,28,17,False,False,True,False,False,False,False,False,False,False,False
233,242,1,2021,12,17,7.30854279753919,0,19.262231244146555,44,63,91.0,0,24.0,80,1,76,92,62,6,0,8,13,True,False,False,False,False,False,False,False,False,False,False
334,91,2,1999,11,21,9.747768977536708,0,20.63870462167573,83,63,,0,0.0,80,0,78,53,74,4,0,45,21,False,False,False,False,False,False,False,False,True,False,False
346,50,1,2017,10,4,7.916807490937603,0,20.028037063374217,5,1,62.0,0,0.0,120,1,67,8,54,27,0,8,4,False,False,False,False,False,False,False,False,False,False,True
7,28,1,2020,2,29,8.346404870435956,11,20.345034209711475,21,20,40.0,0,0.0,92,1,86,89,79,17,0,11,6,False,False,False,True,False,False,False,False,False,False,False
3,182,2,2022,1,15,5.8664680569332965,0,18.77932911240742,10,0,39.0,0,0.0,154,0,79,86,52,66,0,9,7,False,False,False,False,True,False,False,False,False,False,False
289,6,2,2021,10,22,7.325148957955575,0,19.161515061523275,42,7,15.0,0,4.0,92,0,73,37,74,28,0,14,6,False,False,False,False,True,False,False,False,False,False,False
51,207,2,2022,2,11,6.742880635791903,0,17.985496989128208,25,0,14.0,0,0.0,140,1,89,75,70,6,0,13,5,False,False,True,False,False,False,False,False,False,False,False
211,314,1,2022,1,28,6.400257445308821,0,18.85323909303052,28,73,64.0,0,0.0,135,0,89,89,86,16,0,8,5,False,False,False,False,False,False,False,True,False,False,False
64,303,1,2021,12,24,6.234410725718371,9,19.57637307709333,8,106,6.0,0,8.0,139,1,44,18,38,70,0,12,4,False,False,False,False,False,False,False,True,False,False,False
397,163,1,2019,10,4,7.8551570058813445,0,19.132062023290946,8,67,66.0,0,0.0,80,0,39,45,55,73,0,9,21,False,False,False,False,False,False,False,False,False,False,True
186,61,2,2020,2,29,8.495152060539358,20,20.44778737526682,52,42,100.0,0,0.0,93,1,74,59,87,3,0,8,5,False,False,False,True,False,False,False,False,False,False,False
383,59,1,2022,1,21,8.59711281459211,32,20.34123669315242,46,16,53.0,1,2.0,96,0,87,82,53,10,0,5,8,False,True,False,False,False,False,False,False,False,False,False
112,9,1,2021,11,11,8.449770515098804,2,20.11847941022419,123,113,180.0,1,4.0,92,0,81,40,73,15,0,9,8,False,False,False,False,False,False,True,False,False,False,False
160,163,1,2022,2,4,7.543802867501509,0,18.61881972642291,26,1,58.0,0,0.0,71,0,28,26,20,19,0,30,3,False,False,False,True,False,False,False,False,False,False,False
78,190,2,2022,2,1,6.815639990074331,2,19.15384658844894,45,0,99.0,1,1.0,135,0,78,55,57,4,0,10,8,True,False,False,False,False,False,False,False,False,False,False
238,129,1,2022,2,18,7.986164860332727,0,19.080498085240013,42,0,24.0,0,0.0,150,0,65,11,58,0,0,12,9,False,False,False,False,False,False,True,False,False,False,False
59,86,1,2022,2,18,6.54534966033442,11,19.51811970787747,16,41,13.0,1,1.0,189,1,55,86,44,40,0,7,4,False,False,False,False,False,False,False,False,False,False,True
79,295,1,2022,2,15,5.796057750765372,0,19.024877851283165,10,21,7.0,0,9.0,85,1,72,55,64,49,0,7,4,False,False,False,True,False,False,False,False,False,False,False
368,157,2,2013,7,16,7.346655163176539,0,18.50769821592342,0,0,14.0,0,0.0,81,1,77,68,70,6,0,17,20,False,False,False,True,False,False,False,False,False,False,False
130,301,2,2022,2,25,7.455876687491824,0,18.84752162040618,26,1,19.0,0,0.0,104,0,80,24,65,2,0,9,4,False,False,False,False,True,False,False,False,False,False,False
426,127,1,2021,9,3,7.603897968521881,0,19.66231874743905,16,5,43.0,0,7.0,129,1,42,33,44,62,0,8,6,False,False,True,False,False,False,False,False,False,False,False
187,28,1,2020,2,29,7.080867896690782,0,19.56050835457735,13,1,15.0,0,1.0,94,0,76,81,80,20,0,25,4,False,False,False,True,False,False,False,False,False,False,False
421,211,1,2021,5,21,8.08886878916199,0,20.31644815301985,10,0,70.0,0,0.0,164,0,70,71,58,24,0,7,13,False,True,False,False,False,False,False,False,False,False,False
232,309,1,2021,9,10,7.295735072749282,0,19.390622306839457,2,0,12.0,0,10.0,138,1,69,35,57,12,0,10,9,False,False,False,False,True,False,False,False,False,False,False
373,11,2,2019,6,28,7.8655717576847906,0,19.283031304707254,15,48,50.0,0,3.0,98,0,68,33,43,38,0,36,14,False,False,False,False,False,False,False,False,True,False,False
281,220,1,2022,3,23,7.00850518208228,0,19.298900269417135,32,0,19.0,0,0.0,174,1,58,56,83,5,0,7,4,False,False,False,True,False,False,False,False,False,False,False
131,62,1,2022,2,17,7.824046010856292,21,19.85901039573747,68,24,43.0,1,0.0,92,1,45,27,67,32,0,13,14,False,False,False,False,False,False,False,False,False,False,True
404,61,2,2022,3,25,7.900266036767701,1,19.672718569595194,55,3,32.0,0,0.0,90,1,81,59,83,9,0,11,5,False,False,False,False,False,False,False,False,False,True,False
163,169,1,2022,4,1,7.078341579557671,0,19.06768628490323,21,0,31.0,0,0.0,143,1,68,41,55,16,0,10,12,False,False,False,True,False,False,False,False,False,False,False
394,307,1,2015,1,11,9.391494581018131,0,20.64443181118917,79,80,250.0,3,10.0,101,0,76,63,71,3,0,10,3,False,False,False,False,False,True,False,False,False,False,False
181,121,1,2022,4,5,6.625392368007956,8,19.538347223044894,28,124,13.0,0,1.0,118,0,70,54,71,0,0,33,4,False,False,False,True,False,False,False,False,False,False,False
267,97,3,2022,3,18,8.005033344637111,0,19.425002448185424,49,17,30.0,0,0.0,98,0,83,63,74,14,0,16,6,False,False,False,False,False,False,False,False,False,True,False
60,220,1,2022,4,6,5.420534999272286,0,18.310492069248106,11,0,7.0,0,0.0,138,0,72,22,46,24,0,9,6,False,False,False,True,False,False,False,False,False,False,False
424,45,2,2022,4,7,6.823286122355687,0,18.13932806522728,24,0,52.0,0,0.0,180,0,63,45,64,34,0,9,8,False,False,False,False,False,False,False,False,False,True,False
26,297,1,2021,9,9,7.580699752224563,9,19.82884258194165,52,25,32.0,0,10.0,145,1,56,41,57,1,0,13,3,False,False,True,False,False,False,False,False,False,False,False
389,188,3,2022,1,30,6.293419278846481,4,19.050742171595783,26,3,39.0,0,0.0,115,0,78,63,64,1,0,7,4,False,False,False,False,False,False,False,False,False,False,True
357,48,1,2022,4,8,6.532334292222349,2,18.80160129034342,11,6,12.0,0,15.0,108,1,71,55,44,74,0,11,6,False,False,False,False,False,False,False,False,True,False,False
332,310,1,2022,3,25,5.424950017481403,0,18.655310017100547,5,0,4.0,0,1.0,84,0,71,63,45,45,0,11,3,False,False,False,False,False,False,True,False,False,False,False
296,60,1,2022,3,25,7.142827401161621,0,18.8780467221699,20,4,52.0,0,1.0,95,0,69,90,91,6,0,35,4,False,False,False,False,False,True,False,False,False,False,False
121,117,1,2019,12,13,8.93022956502072,0,20.746188229963717,124,24,254.0,0,8.0,110,1,57,6,27,84,0,9,3,False,False,False,False,False,False,True,False,False,False,False
323,84,2,1996,11,24,7.223295679562314,0,18.487714038054385,46,8,60.0,0,0.0,88,1,89,59,64,5,0,19,7,False,False,False,False,False,False,False,False,False,True,False
126,318,1,2022,3,30,5.755742213586912,2,18.751377858037724,27,2,31.0,0,0.0,119,0,87,28,50,12,0,10,10,False,False,False,True,False,False,False,False,False,False,False
161,36,2,2022,3,18,6.439350371100098,0,19.10197695839571,10,2,13.0,0,1.0,98,1,78,83,75,41,0,27,8,False,False,False,False,False,False,False,True,False,False,False
136,117,1,2019,12,13,9.039552050995901,1,20.508853884033574,85,24,200.0,0,2.0,140,0,45,25,84,21,0,13,6,False,False,False,False,False,False,True,False,False,False,False
18,68,1,2021,6,25,8.142354276849835,0,20.02953967080666,32,6,46.0,0,1.0,124,1,86,62,49,51,0,35,21,False,False,False,False,False,True,False,False,False,False,False
245,137,6,2022,2,25,6.823286122355687,0,18.610037148080934,34,39,30.0,0,0.0,105,0,91,73,72,13,0,9,15,True,False,False,False,False,False,False,False,False,False,False
340,22,1,2022,4,5,5.204006687076795,0,17.802810724635265,16,14,7.0,0,0.0,118,1,68,24,58,44,0,6,3,False,False,False,False,False,False,False,False,False,False,True
381,28,1,2022,5,6,7.014814351275545,6,19.849149183514943,7,30,13.0,1,1.0,93,0,79,22,55,31,0,12,5,False,False,False,True,False,False,False,False,False,False,False
407,28,1,2022,5,6,7.07326971745971,0,19.56207565744838,7,21,11.0,0,0.0,142,1,87,93,59,28,0,17,5,False,False,False,True,False,False,False,False,False,False,False
299,152,1,2022,5,13,8.156797046675651,0,18.972852528199628,20,10,33.0,0,0.0,96,0,85,41,43,39,0,12,21,False,True,False,False,False,False,False,False,False,False,False
219,28,1,2022,5,6,7.275172319452771,0,19.53795219595333,9,11,22.0,1,0.0,85,1,71,43,65,23,0,9,5,False,True,False,False,False,False,False,False,False,False,False
324,154,2,2022,5,13,8.015987811027237,0,18.629455297909495,22,0,23.0,0,0.0,140,0,92,78,57,46,0,14,9,False,False,False,True,False,False,False,False,False,False,False
183,292,2,2022,5,6,7.493873886783559,8,19.98857902942964,8,25,18.0,1,0.0,196,0,66,58,79,23,0,22,20,False,False,True,False,False,False,False,False,False,False,False
70,152,1,2022,5,13,7.912056888179006,0,18.65330802222757,3,7,13.0,0,1.0,134,1,78,51,43,69,0,14,9,False,False,False,False,False,False,False,False,False,True,False
96,28,1,2022,5,6,6.794586580876499,3,19.63980421017795,10,24,11.0,0,0.0,130,1,82,50,67,12,0,13,5,False,False,False,True,False,False,False,False,False,False,False
379,28,1,2022,5,6,6.937314081223682,28,19.815021542987758,5,28,9.0,0,0.0,152,1,84,74,69,21,0,18,6,False,False,True,False,False,False,False,False,False,False,False
262,30,2,2022,5,6,7.427738840532894,7,19.582414159103667,10,30,13.0,0,33.0,108,1,78,55,60,59,0,7,4,False,False,False,False,True,False,False,False,False,False,False
17,28,1,2022,5,6,6.721425700790643,0,19.462225774625708,4,15,10.0,0,0.0,121,0,86,67,65,42,0,35,7,False,False,False,False,False,False,False,False,True,False,False
382,28,1,2022,5,6,6.912742820493176,1,19.462130837596906,8,12,9.0,0,0.0,188,0,50,41,50,69,0,12,6,False,False,False,False,False,False,False,True,False,False,False
376,227,2,2022,2,14,7.221105098182496,0,19.544806696673714,48,4,34.0,1,0.0,110,1,80,26,85,23,0,11,21,False,False,False,True,False,False,False,False,False,False,False
148,218,1,2016,1,15,7.989221408815276,0,20.183463471592034,10,2,150.0,0,0.0,110,0,51,48,82,0,0,5,3,False,False,True,False,False,False,False,False,False,False,False
356,217,2,2022,4,29,6.688354713946762,0,19.172611775502148,16,81,23.0,0,0.0,130,1,91,91,96,3,0,3,9,False,False,False,False,False,False,True,False,False,False,False
298,152,1,2022,5,13,7.00669522683704,0,17.534193638716747,0,0,0.0,0,0.0,104,1,44,74,42,88,0,9,9,False,False,False,False,False,False,False,False,False,True,False
338,145,1,2022,3,10,6.320768294250582,0,17.799467080273764,10,4,4.0,0,0.0,105,1,83,32,82,14,0,12,4,False,False,False,False,True,False,False,False,False,False,False
372,281,1,2022,4,22,7.62608275807238,0,19.31571163034346,52,9,46.0,0,1.0,81,1,38,20,66,9,0,9,8,False,False,False,False,False,False,False,False,False,True,False
73,152,1,2022,5,13,7.309212365692763,0,17.564675093904526,2,0,10.0,0,0.0,170,0,37,14,24,80,0,11,4,False,False,False,True,False,False,False,False,False,False,False
226,152,1,2022,5,13,7.5652752818989315,0,17.79712395233026,2,0,4.0,0,0.0,92,0,66,29,65,23,0,8,7,False,False,False,False,False,False,True,False,False,False,False
37,175,1,2022,4,22,6.566672429803241,4,18.89090758578432,16,11,18.0,0,0.0,140,0,84,61,42,31,0,9,9,False,False,True,False,False,False,False,False,False,False,False
270,35,2,2022,4,25,6.834108738813838,0,18.916371795679037,19,0,7.0,0,0.0,96,1,61,32,90,25,0,10,9,False,False,False,True,False,False,False,False,False,False,False
312,152,1,2022,5,13,7.085901464365611,0,17.428900466760876,0,0,3.0,0,0.0,118,0,66,83,43,84,0,19,19,False,False,False,False,False,False,False,True,False,False,False
269,258,2,2022,2,6,5.857933154483459,6,19.465364103083754,10,22,3.0,0,0.0,92,0,71,67,60,7,0,6,4,False,False,True,False,False,False,False,False,False,False,False
398,178,2,2022,1,26,8.418918622147897,0,19.522564681602383,135,74,119.0,1,18.0,127,1,77,53,78,19,0,29,4,False,True,False,False,False,False,False,False,False,False,False
147,144,2,2022,4,29,7.20934025660291,0,18.48758846569145,26,1,17.0,0,0.0,150,0,82,82,66,13,0,11,6,False,False,False,False,False,False,False,False,False,False,True
413,132,1,2022,4,13,6.411818267709897,0,18.735464519925227,5,29,14.0,0,0.0,100,1,87,46,60,1,0,13,16,False,False,False,False,False,False,False,False,True,False,False
326,46,1,2021,12,24,7.10002716662926,0,18.000912801224086,31,0,19.0,0,2.0,105,0,73,59,81,13,0,9,6,False,False,False,True,False,False,False,False,False,False,False
119,162,1,2022,5,2,6.4457198193855785,0,19.25140423230129,18,75,9.0,0,0.0,104,1,86,43,62,5,0,13,14,False,False,False,False,False,False,False,False,False,True,False
1,167,1,2022,3,23,7.171656822768514,0,19.038839634223024,23,1,15.0,0,0.0,154,1,54,45,79,1,0,17,5,False,False,False,False,False,False,False,False,False,False,True
306,247,1,2022,2,22,7.1929342212158,0,17.81705602663102,42,51,32.0,0,0.0,80,1,47,33,83,18,0,10,5,False,False,True,False,False,False,False,False,False,False,False
401,114,2,2022,4,24,5.840641657373398,2,19.298563411264908,4,35,11.0,1,1.0,150,1,53,14,43,64,0,13,3,False,False,False,False,False,True,False,False,False,False,False
311,158,1,2019,11,7,6.0112671744041615,1,19.316327499735685,5,0,5.0,0,0.0,92,1,58,27,36,86,0,9,3,False,False,False,False,False,False,False,False,False,True,False
370,279,1,2022,5,6,7.30854279753919,0,18.699614481064845,26,2,15.0,0,2.0,144,1,47,7,50,32,0,7,4,False,False,False,False,False,False,True,False,False,False,False
138,271,1,2017,10,20,7.725330037917135,0,19.03427925394901,11,6,25.0,0,1.0,150,1,37,27,56,8,0,13,3,False,False,False,False,False,False,True,False,False,False,False
406,25,1,2022,6,10,6.721425700790643,0,19.525959568474775,32,110,26.0,0,0.0,172,1,56,68,89,4,0,33,19,False,False,False,True,False,False,False,False,False,False,False
303,25,1,2022,6,10,6.602587892189336,0,19.617269805418516,5,132,17.0,0,3.0,77,1,72,70,82,2,0,4,17,False,False,False,False,False,False,False,False,False,False,True
218,117,1,2022,5,20,8.076826031298808,3,19.718729673313803,29,10,79.0,0,0.0,114,1,51,39,29,90,0,10,4,False,False,False,False,True,False,False,False,False,False,False
128,25,1,2022,6,10,5.793013608384144,0,18.556489823178254,5,40,12.0,0,0.0,117,1,63,29,51,43,0,25,4,False,False,False,False,True,False,False,False,False,False,False
83,117,1,2022,5,20,7.9287663216266955,0,19.488260482111905,21,11,40.0,0,0.0,146,1,69,63,45,48,0,18,4,False,False,False,True,False,False,False,False,False,False,False
56,223,4,2022,6,10,7.746732907753622,0,18.733127414208397,34,0,29.0,0,0.0,120,1,88,15,56,1,0,8,6,False,False,False,False,False,False,False,False,False,True,False
284,43,3,2022,5,27,8.290041618704489,0,19.065818946637396,73,45,119.0,0,0.0,100,0,82,76,70,16,0,8,5,False,False,True,False,False,False,False,False,False,False,False
46,25,1,2022,6,10,5.634789603169249,0,18.186163645868508,0,18,6.0,0,0.0,158,0,60,68,84,4,0,24,11,False,False,False,False,False,False,False,False,False,False,True
199,117,1,2022,5,20,7.741967899820685,0,19.42569523085966,20,3,39.0,0,0.0,142,1,56,40,54,72,0,10,4,False,False,False,False,False,True,False,False,False,False,False
184,202,4,2022,5,20,8.177515823846075,3,19.624092819099076,36,1,31.0,0,1.0,170,0,80,77,85,11,0,17,14,True,False,False,False,False,False,False,False,False,False,False
202,117,1,2022,5,20,7.56734567601324,0,19.269425830887567,13,2,31.0,0,0.0,118,1,56,20,54,67,0,6,5,False,False,False,False,False,False,False,False,False,True,False
330,115,1,2022,6,9,6.964135612418245,0,18.33491873889976,51,14,19.0,0,0.0,83,0,63,29,62,4,0,18,4,False,False,False,False,False,True,False,False,False,False,False
247,216,2,2022,6,2,6.799055862058796,0,18.745184746121716,0,0,2.0,0,0.0,92,1,83,56,82,10,0,9,5,False,False,False,False,False,False,False,False,True,False,False
71,64,3,2022,3,18,8.57376254290413,0,19.47408461582872,139,73,142.0,0,5.0,123,0,60,46,71,3,0,16,4,False,False,False,False,False,False,True,False,False,False,False
28,78,1,2022,6,2,6.371611847231857,8,18.872628409721155,12,1,8.0,0,1.0,110,0,81,61,93,49,0,12,11,False,False,False,False,False,False,False,True,False,False,False
49,117,1,2022,5,20,7.325148957955575,0,18.73600905785703,26,2,30.0,0,0.0,118,1,42,32,20,94,0,11,4,False,False,False,True,False,False,False,False,False,False,False
4,264,1,2021,5,15,5.5093883366279774,4,19.026488750166635,4,106,0.0,0,7.0,90,0,68,54,76,21,0,11,20,False,False,True,False,False,False,False,False,False,False,False
350,150,1,2022,5,13,5.3981627015177525,4,19.034826009609358,16,5,0.0,0,6.0,130,1,49,14,40,82,0,11,3,False,False,False,True,False,False,False,False,False,False,False
106,305,1,2022,5,13,6.244166900663736,0,18.920584652323953,5,36,1.0,0,0.0,154,0,70,97,62,47,0,10,4,False,False,False,False,False,False,False,False,True,False,False
377,67,5,2022,6,16,7.758760544157663,0,19.44929032642204,37,2,38.0,2,0.0,110,1,91,59,82,8,0,6,8,False,False,False,True,False,False,False,False,False,False,False
43,312,1,2022,6,10,7.784473235736469,0,19.21707442822065,45,2,26.0,0,1.0,102,1,73,62,75,0,0,34,8,False,False,False,True,False,False,False,False,False,False,False
258,166,1,2022,2,6,6.679599185844383,11,19.388730071744522,26,18,15.0,1,4.0,120,0,81,72,65,4,0,14,4,False,False,False,False,False,False,False,False,False,False,True
266,201,1,2022,6,24,6.349138991379798,0,19.17917165263371,19,21,14.0,0,2.0,97,1,80,36,86,4,0,3,5,False,False,False,False,True,False,False,False,False,False,False
190,250,2,2022,3,24,6.725033642166843,3,18.686266069075774,18,124,24.0,1,0.0,140,0,44,41,92,0,0,44,7,False,False,False,False,False,False,False,True,False,False,False
207,315,1,2022,7,1,6.338594078203183,0,18.864056630701022,6,52,11.0,0,0.0,97,1,78,31,72,1,0,11,4,False,False,False,False,True,False,False,False,False,False,False
339,73,1,2022,6,17,7.942717540573791,0,19.0701314536823,38,105,25.0,0,2.0,137,0,88,8,49,9,0,9,14,False,True,False,False,False,False,False,False,False,False,False
185,10,3,2022,7,6,6.852242569051878,0,18.612863989056994,49,3,57.0,0,0.0,90,1,85,80,83,10,0,8,11,False,False,False,True,False,False,False,False,False,False,False
418,204,1,2022,6,24,6.643789733147672,0,18.696387720296592,25,0,22.0,0,0.0,183,0,44,44,67,7,0,12,13,False,False,False,False,False,False,False,False,False,False,True
35,265,3,2022,8,5,7.284134806195205,0,19.205479839198862,53,2,33.0,0,0.0,120,1,77,94,87,2,0,23,12,False,False,False,True,False,False,False,False,False,False,False
307,75,3,2022,8,5,7.653494909661253,0,18.95561058870375,51,1,50.0,0,0.0,130,0,72,18,46,7,0,28,8,False,False,False,False,False,False,True,False,False,False,False
321,96,1,2022,8,5,7.22983877815125,4,19.00323955071972,23,10,18.0,0,0.0,172,0,74,46,58,15,0,13,8,False,False,False,False,False,False,False,False,False,False,True
9,32,1,2022,7,29,7.896924656268864,0,18.961774539656936,39,47,36.0,0,0.0,122,0,55,46,64,0,0,17,10,False,True,False,False,False,False,False,False,False,False,False
32,205,1,2022,8,1,6.684611727667927,12,19.39417370581764,14,141,9.0,0,1.0,105,0,81,70,65,24,0,8,4,False,True,False,False,False,False,False,False,False,False,False
348,238,1,2022,3,11,7.081708586105575,6,19.316478571303826,17,10,16.0,0,4.0,120,1,90,73,51,39,0,9,6,False,False,False,False,False,False,False,True,False,False,False
67,266,1,2022,7,12,5.908082938168931,0,18.39649508458949,28,67,195.0,0,0.0,145,1,56,43,53,24,0,12,4,False,False,False,False,False,False,False,False,False,True,False
105,112,2,2022,7,22,6.269096283706261,4,19.475963918734628,10,43,3.0,1,0.0,99,0,79,64,59,28,0,11,14,False,False,False,False,False,False,False,False,False,True,False
142,148,1,2008,1,1,9.770241833388766,34,20.604376565636933,63,39,,0,2.0,88,0,79,66,65,5,0,25,14,False,True,False,False,False,False,False,False,False,False,False
337,44,4,2022,7,15,8.043663352393944,0,18.631534046619777,54,6,124.0,1,0.0,126,1,81,90,73,28,0,29,4,True,False,False,False,False,False,False,False,False,False,False
168,176,2,2022,2,18,6.663132695990803,9,19.594572701165042,15,33,6.0,1,0.0,113,1,70,97,59,55,0,27,12,False,False,False,False,False,False,False,False,False,False,True
92,65,3,2022,6,16,7.8009820712577405,0,19.29996757061785,81,4,248.0,1,6.0,132,1,82,49,88,20,0,21,3,False,False,True,False,False,False,False,False,False,False,False
279,192,3,2022,5,20,7.014814351275545,4,19.07234624369689,22,2,65.0,1,3.0,135,1,77,74,74,47,0,34,8,False,False,False,False,False,False,False,False,False,False,True
146,89,2,2017,11,10,8.510772623613315,0,19.465247195566,165,10,177.0,4,73.0,126,1,67,49,77,11,0,19,11,False,False,False,True,False,False,False,False,False,False,False
16,121,1,2022,8,22,6.643789733147672,12,19.397309328999345,20,129,11.0,0,12.0,125,1,68,80,92,10,0,9,12,False,False,False,True,False,False,False,False,False,False,False
354,277,1,2022,8,26,6.423246963533519,0,19.05977355871496,14,77,15.0,1,2.0,120,0,77,78,91,14,0,33,12,False,False,False,False,False,True,False,False,False,False,False
125,96,1,2022,6,3,7.4073177104694174,30,19.446435588999144,20,49,23.0,2,2.0,164,0,70,58,57,25,0,15,7,False,False,False,False,False,False,False,False,False,False,True
176,214,1,2022,6,10,7.61085279039525,8,19.220036334106457,117,72,107.0,1,7.0,93,0,65,79,66,31,0,22,7,False,True,False,False,False,False,False,False,False,False,False
367,56,1,2002,8,5,10.341516651517555,6,21.198359187184177,124,25,,1,0.0,146,1,56,21,44,73,0,11,2,False,False,False,False,False,False,False,True,False,False,False
405,311,2,2022,9,13,5.733341276897746,0,17.667654951991008,6,1,6.0,0,0.0,92,1,81,48,70,13,0,15,7,False,True,False,False,False,False,False,False,False,False,False
315,226,1,2016,6,23,7.81156848934518,0,19.756521560627586,15,0,0.0,0,0.0,102,0,64,4,60,11,0,19,4,False,False,False,True,False,False,False,False,False,False,False
188,96,1,2022,9,13,5.802118375377063,0,17.804261336582957,3,0,2.0,0,0.0,93,1,78,75,62,6,0,15,6,False,False,False,False,True,False,False,False,False,False,False
33,100,4,2022,8,18,6.729824070489475,0,18.885927288692308,14,1,13.0,0,0.0,102,1,84,43,75,5,0,6,8,True,False,False,False,False,False,False,False,False,False,False
228,267,1,1982,5,16,7.611347717403621,0,18.85477838078299,77,10,119.0,0,40.0,145,1,66,24,58,17,0,19,5,True,False,False,False,False,False,False,False,False,False,False
2,173,1,2022,7,14,8.211482916445066,6,19.327684985542437,41,0,158.0,2,68.0,156,1,72,92,77,9,0,8,11,False,False,False,False,False,False,False,False,False,True,False
57,81,1,2022,9,29,7.402451520818244,0,18.988689288258012,86,14,80.0,0,37.0,123,1,57,50,85,5,0,16,4,False,False,False,False,True,False,False,False,False,False,False
155,240,2,2020,12,18,6.505784060128229,1,18.760222123076517,0,0,31.0,0,2.0,125,0,49,13,74,0,0,9,4,False,False,False,False,False,True,False,False,False,False,False
291,77,3,2022,11,4,7.565793282428515,0,19.06952935725193,24,8,17.0,0,1.0,122,0,75,45,63,6,0,35,12,False,False,False,False,False,False,True,False,False,False,False
292,279,1,2022,10,21,7.3833681469923835,0,19.22297051211102,10,3,12.0,0,0.0,109,1,75,11,50,20,0,30,17,False,False,False,False,False,False,False,False,False,True,False
217,279,1,2022,10,21,7.5688956634069955,0,19.201475127654977,7,5,13.0,0,0.0,126,1,66,12,35,55,0,9,14,False,False,False,False,False,False,True,False,False,False,False
66,74,2,2022,11,4,7.492760300922379,0,18.76937089410374,26,9,17.0,0,3.0,104,1,73,25,61,1,0,32,7,False,False,False,True,False,False,False,False,False,False,False
403,279,1,2022,10,21,7.447751280047908,0,18.994503234241893,4,5,8.0,0,0.0,158,1,48,55,84,43,0,15,12,False,False,False,False,False,False,False,False,False,True,False
288,74,2,2022,11,4,6.915723448631314,0,18.537898321989942,6,5,3.0,0,0.0,144,1,93,62,61,0,0,12,20,False,False,False,False,False,False,False,True,False,False,False
358,134,1,2022,10,28,6.1779441140506,9,19.130864322458777,10,100,15.0,1,27.0,125,1,54,22,76,0,0,14,3,False,False,False,False,False,False,False,True,False,False,False
361,279,1,2022,10,21,7.150701457592526,0,19.01611912080834,1,6,11.0,0,0.0,96,1,57,55,74,22,0,8,4,False,False,False,False,False,False,False,True,False,False,False
236,256,1,2022,11,3,6.860663671448287,0,18.33155838404167,61,13,37.0,1,0.0,144,1,60,24,39,57,0,8,3,True,False,False,False,False,False,False,False,False,False,False
8,98,2,2022,11,3,6.352629396319567,0,18.11298212372505,2,0,7.0,0,0.0,92,1,80,81,67,4,0,8,6,False,False,False,True,False,False,False,False,False,False,False
107,99,3,2022,10,20,7.186144304522325,0,18.71257104686851,29,26,17.0,0,0.0,97,1,82,67,77,8,0,12,5,False,False,False,True,False,False,False,False,False,False,False
24,42,1,2022,11,4,6.663132695990803,2,18.379935746467762,27,18,32.0,1,0.0,90,0,61,32,67,15,0,11,5,False,False,False,False,False,False,True,False,False,False,False
